"Variable / Field Name","Form Name","Section Header","Field Type","Field Label","Choices, Calculations, OR Slider Labels","Field Note","Text Validation Type OR Show Slider Number","Text Validation Min","Text Validation Max","Identifier?","Branching Logic (Show field only if...)","Required Field?","Custom Alignment","Question Number (surveys only)","Matrix Group Name","Matrix Ranking?","Field Annotation"
"record_id","start_q","","text","Record ID","","Codice partecipante anonimo (16 caratteri)","","","","","","","","","","",""
"consent_informed","start_q","Consenso","yesno","Consenso informato","","Ho letto e compreso le informazioni e acconsento a partecipare allo studio","","","","","","y","","","","",""
"consent_privacy","start_q","","yesno","Consenso privacy","","Acconsento al trattamento dei dati secondo l'informativa sulla privacy","","","","","","y","","","","",""
"consent_timestamp","start_q","","text","Data e ora del consenso","","Formato ISO-8601: YYYY-MM-DDTHH:MM:SS","datetime_seconds_ymd","","","","","","","","","",""
"is_unito_student","start_q","Screening di Idoneità","radio","Sei uno/a studente/ssa UniTO?","0, No | 1, Sì","","","","","","","y","","","","",""
"age_group","start_q","","radio","Età","1, 18-21 anni | 2, 22-26 anni | 3, 27-30 anni | 99, Altro","","","","","","[is_unito_student] = '1'","y","","","","",""
"gender","start_q","Dati Demografici","radio","Qual è il genere con cui ti identifichi attualmente?","1, Uomo cisgender (sesso maschile alla nascita, identità di genere maschile) | 2, Uomo transgender (sesso femminile alla nascita, identità di genere maschile) | 3, Donna cisgender (sesso femminile alla nascita, identità di genere femminile) | 4, Donna transgender (sesso maschile alla nascita, identità di genere femminile) | 5, Non-binario (identità di genere al di fuori del binario uomo/donna) | 6, Altro | 7, Preferisco non rispondere","","","","","","[age_group] <> '99'","y","","","","",""
"gender_other_specify","start_q","","text","Specifica il genere","","","","","","","[gender] = '6'","","","","","",""
"nationality","start_q","","radio","Nazionalità","1, Italiana | 2, Non italiana","","","","","","[age_group] <> '99'","y","","","","",""
"field_of_study","start_q","","radio","Qual è il tuo ambito di studi?","1, Area Economica | 2, Area Giuridica e Politico-Sociale | 3, Area Sanitaria | 4, Area Scientifica | 5, Area Umanistica","","","","","","[age_group] <> '99'","y","","","","",""
"out_of_town","start_q","","radio","Sei uno studente fuorisede?","0, No | 1, Sì, provengo dalla stessa regione della mia Università | 2, Sì, provengo da una regione diversa da quella della mia Università","","","","","","[age_group] <> '99'","y","","","","",""
"living_arrangement","start_q","","radio","Attualmente con chi vivi?","1, Da solo/a | 2, Con i genitori | 3, Con parenti | 4, Con il/la partner | 5, Con coinquilini/e | 6, In dormitorio/residenza/collegio","","","","","","[age_group] <> '99'","y","","","","",""
"family_cohesion","start_q","","radio","Come giudichi il grado di coesione del tuo nucleo familiare?","1, Molto scarso | 2, Scarso | 3, Buono | 4, Ottimo | 5, Eccessivo","","","","","","[age_group] <> '99'","y","","","","",""
"relationship_status","start_q","","radio","Qual è il tuo stato sentimentale?","1, Single | 2, Impegnato/a","","","","","","[age_group] <> '99'","y","","","","",""
"sexual_orientation","start_q","","radio","Quale delle seguenti opzioni rappresenta meglio il modo in cui pensi a te stesso?","1, Omosessuale | 2, Eterosessuale | 3, Bisessuale | 4, Asessuale | 5, Utilizzo un termine diverso | 6, Non lo so | 7, Preferisco non rispondere","","","","","","[age_group] <> '99'","y","","","","",""
"sexual_orientation_other","start_q","","text","Specifica il termine che utilizzi","","","","","","","[sexual_orientation] = '5'","","","","","",""
"psychiatric_relatives","start_q","Salute e Benessere","yesno","Hai parenti di primo/secondo grado con patologie psichiatriche diagnosticate?","","","","","","","[age_group] <> '99'","y","","","","",""
"psychologist_care","start_q","","yesno","Sei attualmente in cura da uno psicologo?","","","","","","","[age_group] <> '99'","y","","","","",""
"psychiatrist_care","start_q","","yesno","Sei attualmente in cura da uno psichiatra?","","","","","","","[age_group] <> '99'","y","","","","",""
"psychiatric_diagnosis","start_q","","yesno","Hai una diagnosi di patologia psichiatrica?","","","","","","","[age_group] <> '99'","y","","","","",""
"chronic_condition","start_q","","yesno","Soffri di una patologia cronica?","","","","","","","[age_group] <> '99'","y","","","","",""
"economic_situation","start_q","","radio","Come giudichi la situazione economica della tua famiglia rispetto alle tue necessità?","1, Insufficiente | 2, Scarsa | 3, Adeguata | 4, Ottima","","","","","","[age_group] <> '99'","y","","","","",""
"employment_status","start_q","","radio","Hai un lavoro?","0, No | 1, Sì, per necessità e mi mantengo quasi/del tutto autonomamente | 2, Sì, per necessità ma non riesco a mantenermi | 3, Sì, ma non per necessità","","","","","","[age_group] <> '99'","y","","","","",""
"sport_frequency","start_q","Stile di Vita","radio","Pratichi sport?","0, No | 1, Sì, saltuariamente (meno di 1 volta a settimana) | 2, Sì, meno di 90 minuti a settimana | 3, Sì, più di 90 minuti a settimana","","","","","","[age_group] <> '99'","y","","","","",""
"subst_cocaine","start_q","Uso di Sostanze - Nell'arco dell'ultimo mese, in media quante volte alla settimana hai usato queste sostanze?","radio","Cocaina","1, Mai usata | 2, 1 volta | 3, 2-5 volte | 4, 6-10 volte | 5, Più di 10 volte","","","","","","[age_group] <> '99'","y","","","","",""
"subst_hashish","start_q","","radio","Hashish","1, Mai usata | 2, 1 volta | 3, 2-5 volte | 4, 6-10 volte | 5, Più di 10 volte","","","","","","[age_group] <> '99'","y","","","","",""
"subst_marijuana","start_q","","radio","Marijuana","1, Mai usata | 2, 1 volta | 3, 2-5 volte | 4, 6-10 volte | 5, Più di 10 volte","","","","","","[age_group] <> '99'","y","","","","",""
"subst_synth_cannabinoids","start_q","","radio","Cannabinoidi sintetici (es. Spice, K2)","1, Mai usata | 2, 1 volta | 3, 2-5 volte | 4, 6-10 volte | 5, Più di 10 volte","","","","","","[age_group] <> '99'","y","","","","",""
"subst_heroin","start_q","","radio","Eroina","1, Mai usata | 2, 1 volta | 3, 2-5 volte | 4, 6-10 volte | 5, Più di 10 volte","","","","","","[age_group] <> '99'","y","","","","",""
"subst_mdma","start_q","","radio","MDMA / metanfetamine / anfetamine","1, Mai usata | 2, 1 volta | 3, 2-5 volte | 4, 6-10 volte | 5, Più di 10 volte","","","","","","[age_group] <> '99'","y","","","","",""
"subst_hallucinogens","start_q","","radio","Allucinogeni (LSD, Psilocibina, funghi, Salvia Divinorum)","1, Mai usata | 2, 1 volta | 3, 2-5 volte | 4, 6-10 volte | 5, Più di 10 volte","","","","","","[age_group] <> '99'","y","","","","",""
"subst_opioids","start_q","","radio","Farmaci oppiacei senza prescrizione medica","1, Mai usata | 2, 1 volta | 3, 2-5 volte | 4, 6-10 volte | 5, Più di 10 volte","","","","","","[age_group] <> '99'","y","","","","",""
"subst_benzodiazepines","start_q","","radio","Benzodiazepine senza prescrizione medica","1, Mai usata | 2, 1 volta | 3, 2-5 volte | 4, 6-10 volte | 5, Più di 10 volte","","","","","","[age_group] <> '99'","y","","","","",""
"subst_ketamine","start_q","","radio","Ketamina","1, Mai usata | 2, 1 volta | 3, 2-5 volte | 4, 6-10 volte | 5, Più di 10 volte","","","","","","[age_group] <> '99'","y","","","","",""
"subst_methadone","start_q","","radio","Metadone","1, Mai usata | 2, 1 volta | 3, 2-5 volte | 4, 6-10 volte | 5, Più di 10 volte","","","","","","[age_group] <> '99'","y","","","","",""
"cigarettes_per_day","start_q","Fumo e Alcol","radio","Quante sigarette fumi al giorno?","0, Non fumo | 1, 0-5 sigarette a settimana | 2, 1-5 sigarette al giorno | 3, 6-10 sigarette al giorno | 4, 11-15 sigarette al giorno | 5, 16-20 sigarette al giorno | 6, Più di 20 sigarette al giorno","","","","","","[age_group] <> '99'","y","","","","",""
"alcohol_frequency","start_q","","radio","Con quale frequenza assumi sostanze alcoliche?","1, Mai | 2, Mensilmente o meno | 3, 2-4 volte al mese | 4, 2-3 volte a settimana | 5, 4 o più volte a settimana","","","","","","[age_group] <> '99'","y","","","","",""
"alcohol_units","start_q","","radio","Quante unità alcoliche assumi in un giorno tipico di consumo?","1, 1-2 unità | 2, 3-4 unità | 3, 5-6 unità | 4, 7-9 unità | 99, Non applicabile","L'unità alcolica corrisponde a 12 grammi di etanolo, contenuti in una lattina di birra (330 ml), un bicchiere di vino (125 ml) o un bicchierino di liquore (40 ml).","","","","","[alcohol_frequency] <> '1'","y","","","","",""
"academic_performance_t0","start_q","Rendimento Accademico","radio","Come definiresti il tuo rendimento accademico nell'ultimo mese?","0, Nullo | 1, Molto scarso | 2, Scarso | 3, Buono | 4, Molto buono | 5, Ottimo","","","","","","[age_group] <> '99'","y","","","","",""
"other_device_usage_t0","start_q","","yesno","Negli ultimi 30 giorni hai utilizzato altri dispositivi oltre lo smartphone (es. PC, tablet...) per navigare sui Social Media?","","","","","","","[age_group] <> '99'","y","","","","",""
"using_time_limits","start_q","Utilizzo Screen Time Limits","radio","Attualmente stai utilizzando strumenti che limitano il tempo che puoi trascorrere sulle tue app?","0, No | 1, Sì","","","","","","[age_group] <> '99'","y","","","","",""
"time_limits_specify","start_q","","text","Quale strumento stai utilizzando?","","","","","","","[using_time_limits] = '1'","y","","","","",""
"interested_in_limit","start_q","","radio","Saresti interessato/a a usare i Social Media per soli 30 minuti al giorno?","0, No | 1, Sì","","","","","","[using_time_limits] = '0'","y","","","","",""
"limit_method","start_q","","radio","In che modo saresti disposto/a a limitare l'utilizzo dei Social Media a 30 minuti al giorno?","1, Tramite strumenti di Screen Time Limits | 2, Senza l'uso di strumenti esterni","","","","","","[interested_in_limit] = '1'","y","","","","",""
"not_interested_reason","start_q","","radio","Se non sei interessato/a, qual è la motivazione?","1, Non credo sarei in grado di farlo | 2, Non mi interessa ridurre l'uso dei social media | 3, Uso già i social media per meno di 30 minuti al giorno | 4, Altro","","","","","","[interested_in_limit] = '0'","y","","","","",""
"not_interested_other","start_q","","text","Specifica la motivazione","","","","","","","[not_interested_reason] = '4'","","","","","",""
"bsmas_1","start_q","BSMAS - Bergen Social Media Addiction Scale. Durante l'ultimo mese con quale frequenza...","radio","...hai trascorso molto tempo pensando ai social media o hai programmato di usarli?","1, Molto raramente | 2, Raramente | 3, Qualche volta | 4, Spesso | 5, Molto spesso","","","","","","[age_group] <> '99'","y","","","bsmas","",""
"bsmas_2","start_q","","radio","...hai sentito il bisogno di usare sempre di più i social media?","1, Molto raramente | 2, Raramente | 3, Qualche volta | 4, Spesso | 5, Molto spesso","","","","","","[age_group] <> '99'","y","","","bsmas","",""
"bsmas_3","start_q","","radio","...hai usato i social media per dimenticare i tuoi problemi personali?","1, Molto raramente | 2, Raramente | 3, Qualche volta | 4, Spesso | 5, Molto spesso","","","","","","[age_group] <> '99'","y","","","bsmas","",""
"bsmas_4","start_q","","radio","...hai provato a smettere di usare i social media senza riuscirci?","1, Molto raramente | 2, Raramente | 3, Qualche volta | 4, Spesso | 5, Molto spesso","","","","","","[age_group] <> '99'","y","","","bsmas","",""
"bsmas_5","start_q","","radio","...sei diventato ansioso o agitato se ti è stato proibito l'uso dei social media?","1, Molto raramente | 2, Raramente | 3, Qualche volta | 4, Spesso | 5, Molto spesso","","","","","","[age_group] <> '99'","y","","","bsmas","",""
"bsmas_6","start_q","","radio","...hai utilizzato i social media così tanto che il loro uso ha avuto un impatto negativo sul tuo lavoro/sui tuoi studi?","1, Molto raramente | 2, Raramente | 3, Qualche volta | 4, Spesso | 5, Molto spesso","","","","","","[age_group] <> '99'","y","","","bsmas","",""
"phq9_1","start_q","PHQ-9 - Patient Health Questionnaire. Nelle ultime 2 settimane, con quale frequenza ti ha dato fastidio ciascuno dei seguenti problemi?","radio","Scarso interesse o piacere nel fare le cose","0, Mai | 1, Alcuni giorni | 2, Oltre la metà dei giorni | 3, Quasi ogni giorno","","","","","","[age_group] <> '99'","y","","","phq9","",""
"phq9_2","start_q","","radio","Sentirsi giù, triste o disperato/a","0, Mai | 1, Alcuni giorni | 2, Oltre la metà dei giorni | 3, Quasi ogni giorno","","","","","","[age_group] <> '99'","y","","","phq9","",""
"phq9_3","start_q","","radio","Problemi ad addormentarsi o a dormire tutta la notte senza svegliarsi, o a dormire troppo","0, Mai | 1, Alcuni giorni | 2, Oltre la metà dei giorni | 3, Quasi ogni giorno","","","","","","[age_group] <> '99'","y","","","phq9","",""
"phq9_4","start_q","","radio","Sentirsi stanco/a o avere poca energia","0, Mai | 1, Alcuni giorni | 2, Oltre la metà dei giorni | 3, Quasi ogni giorno","","","","","","[age_group] <> '99'","y","","","phq9","",""
"phq9_5","start_q","","radio","Scarso appetito o mangiare troppo","0, Mai | 1, Alcuni giorni | 2, Oltre la metà dei giorni | 3, Quasi ogni giorno","","","","","","[age_group] <> '99'","y","","","phq9","",""
"phq9_6","start_q","","radio","Avere una scarsa opinione di sé, o sentirsi un/una fallito/a o aver deluso se stesso/a o i propri familiari","0, Mai | 1, Alcuni giorni | 2, Oltre la metà dei giorni | 3, Quasi ogni giorno","","","","","","[age_group] <> '99'","y","","","phq9","",""
"phq9_7","start_q","","radio","Difficoltà a concentrarsi su qualcosa, per esempio leggere il giornale o guardare la televisione","0, Mai | 1, Alcuni giorni | 2, Oltre la metà dei giorni | 3, Quasi ogni giorno","","","","","","[age_group] <> '99'","y","","","phq9","",""
"phq9_8","start_q","","radio","Muoversi o parlare così lentamente da poter essere notato/a da altre persone. O, al contrario, essere così irrequieto/a da muoversi molto più del solito","0, Mai | 1, Alcuni giorni | 2, Oltre la metà dei giorni | 3, Quasi ogni giorno","","","","","","[age_group] <> '99'","y","","","phq9","",""
"phq9_9","start_q","","radio","Pensare che sarebbe meglio morire o farsi del male in un modo o nell'altro","0, Mai | 1, Alcuni giorni | 2, Oltre la metà dei giorni | 3, Quasi ogni giorno","","","","","","[age_group] <> '99'","y","","","phq9","",""
"phq9_difficulty","start_q","","radio","Quanto questi problemi le hanno reso difficile fare il suo lavoro/occuparsi delle cose/avere buoni rapporti?","0, Per niente difficile | 1, Abbastanza difficile | 2, Molto difficile | 3, Estremamente difficile","","","","","","[age_group] <> '99'","y","","","","",""
"gad7_1","start_q","GAD-7 - Generalized Anxiety Disorder. Nelle ultime 2 settimane, con quale frequenza ti ha dato fastidio ciascuno dei seguenti problemi?","radio","Sentirsi nervoso/a, ansioso/a o teso/a","0, Mai | 1, Alcuni giorni | 2, Oltre la metà dei giorni | 3, Quasi ogni giorno","","","","","","[age_group] <> '99'","y","","","gad7","",""
"gad7_2","start_q","","radio","Non riuscire a smettere di preoccuparsi o a tenere sotto controllo le preoccupazioni","0, Mai | 1, Alcuni giorni | 2, Oltre la metà dei giorni | 3, Quasi ogni giorno","","","","","","[age_group] <> '99'","y","","","gad7","",""
"gad7_3","start_q","","radio","Preoccuparsi troppo per varie cose","0, Mai | 1, Alcuni giorni | 2, Oltre la metà dei giorni | 3, Quasi ogni giorno","","","","","","[age_group] <> '99'","y","","","gad7","",""
"gad7_4","start_q","","radio","Avere difficoltà a rilassarsi","0, Mai | 1, Alcuni giorni | 2, Oltre la metà dei giorni | 3, Quasi ogni giorno","","","","","","[age_group] <> '99'","y","","","gad7","",""
"gad7_5","start_q","","radio","Essere talmente irrequieto/a da far fatica a stare seduto/a fermo/a","0, Mai | 1, Alcuni giorni | 2, Oltre la metà dei giorni | 3, Quasi ogni giorno","","","","","","[age_group] <> '99'","y","","","gad7","",""
"gad7_6","start_q","","radio","Infastidirsi o irritarsi facilmente","0, Mai | 1, Alcuni giorni | 2, Oltre la metà dei giorni | 3, Quasi ogni giorno","","","","","","[age_group] <> '99'","y","","","gad7","",""
"gad7_7","start_q","","radio","Avere paura che possa succedere qualcosa di terribile","0, Mai | 1, Alcuni giorni | 2, Oltre la metà dei giorni | 3, Quasi ogni giorno","","","","","","[age_group] <> '99'","y","","","gad7","",""
"fomo_1","start_q","FoMO Scale - Fear of Missing Out. Indica quanto ciascuna affermazione è vera per te.","radio","Ho paura che gli altri facciano esperienze più gratificanti/belle di me","1, Per niente vero | 2, Poco vero | 3, Abbastanza vero | 4, Molto vero | 5, Estremamente vero","","","","","","[age_group] <> '99'","y","","","fomo","",""
"fomo_2","start_q","","radio","Mi preoccupo quando scopro che i miei amici si stanno divertendo senza di me","1, Per niente vero | 2, Poco vero | 3, Abbastanza vero | 4, Molto vero | 5, Estremamente vero","","","","","","[age_group] <> '99'","y","","","fomo","",""
"fomo_3","start_q","","radio","Ho paura che i miei amici facciano esperienze più gratificanti/belle di me","1, Per niente vero | 2, Poco vero | 3, Abbastanza vero | 4, Molto vero | 5, Estremamente vero","","","","","","[age_group] <> '99'","y","","","fomo","",""
"fomo_4","start_q","","radio","Entro in ansia quando non so cosa i miei amici stiano facendo","1, Per niente vero | 2, Poco vero | 3, Abbastanza vero | 4, Molto vero | 5, Estremamente vero","","","","","","[age_group] <> '99'","y","","","fomo","",""
"fomo_5","start_q","","radio","E' importante per me riuscire a capire su cosa i miei amici stanno scherzando","1, Per niente vero | 2, Poco vero | 3, Abbastanza vero | 4, Molto vero | 5, Estremamente vero","","","","","","[age_group] <> '99'","y","","","fomo","",""
"fomo_6","start_q","","radio","A volte mi chiedo se non spendo troppo tempo per stare al passo con quanto sta succedendo","1, Per niente vero | 2, Poco vero | 3, Abbastanza vero | 4, Molto vero | 5, Estremamente vero","","","","","","[age_group] <> '99'","y","","","fomo","",""
"fomo_7","start_q","","radio","Mi infastidisco quando perdo un'opportunità di incontrare i miei amici","1, Per niente vero | 2, Poco vero | 3, Abbastanza vero | 4, Molto vero | 5, Estremamente vero","","","","","","[age_group] <> '99'","y","","","fomo","",""
"fomo_8","start_q","","radio","Quando faccio qualcosa di bello è importante per me condividere la cosa online (ad es., aggiornando il mio stato, postando foto)","1, Per niente vero | 2, Poco vero | 3, Abbastanza vero | 4, Molto vero | 5, Estremamente vero","","","","","","[age_group] <> '99'","y","","","fomo","",""
"fomo_9","start_q","","radio","Mi infastidisco quando manco ad un'occasione di gruppo","1, Per niente vero | 2, Poco vero | 3, Abbastanza vero | 4, Molto vero | 5, Estremamente vero","","","","","","[age_group] <> '99'","y","","","fomo","",""
"fomo_10","start_q","","radio","Quando vado in vacanza, cerco comunque di sapere cosa stanno facendo i miei amici","1, Per niente vero | 2, Poco vero | 3, Abbastanza vero | 4, Molto vero | 5, Estremamente vero","","","","","","[age_group] <> '99'","y","","","fomo","",""
"pss10_1","start_q","PSS-10 - Perceived Stress Scale. Nell'ultimo mese...","radio","...con che frequenza ti sei sentito fuori di te poiché è avvenuto qualcosa di inaspettato?","0, Mai | 1, Quasi mai | 2, A volte | 3, Abbastanza spesso | 4, Molto spesso","","","","","","[age_group] <> '99'","y","","","pss10","",""
"pss10_2","start_q","","radio","...con che frequenza hai avuto la sensazione di non essere in grado di avere controllo sulle cose importanti?","0, Mai | 1, Quasi mai | 2, A volte | 3, Abbastanza spesso | 4, Molto spesso","","","","","","[age_group] <> '99'","y","","","pss10","",""
"pss10_3","start_q","","radio","...con che frequenza ti sei sentito nervoso o 'stressato'?","0, Mai | 1, Quasi mai | 2, A volte | 3, Abbastanza spesso | 4, Molto spesso","","","","","","[age_group] <> '99'","y","","","pss10","",""
"pss10_4","start_q","","radio","...con che frequenza ti sei sentito fiducioso sulla tua capacità di gestire i tuoi problemi personali?","0, Mai | 1, Quasi mai | 2, A volte | 3, Abbastanza spesso | 4, Molto spesso","Item con scoring inverso (4-valore)","","","","","[age_group] <> '99'","y","","","pss10","",""
"pss10_5","start_q","","radio","...con che frequenza hai avuto la sensazione che le cose andassero come dicevi tu?","0, Mai | 1, Quasi mai | 2, A volte | 3, Abbastanza spesso | 4, Molto spesso","Item con scoring inverso (4-valore)","","","","","[age_group] <> '99'","y","","","pss10","",""
"pss10_6","start_q","","radio","...con che frequenza hai avuto la sensazione di non riuscire a star dietro a tutte le cose che dovevi fare?","0, Mai | 1, Quasi mai | 2, A volte | 3, Abbastanza spesso | 4, Molto spesso","","","","","","[age_group] <> '99'","y","","","pss10","",""
"pss10_7","start_q","","radio","...con che frequenza hai avvertito di essere in grado di controllare ciò che ti irrita nella tua vita?","0, Mai | 1, Quasi mai | 2, A volte | 3, Abbastanza spesso | 4, Molto spesso","Item con scoring inverso (4-valore)","","","","","[age_group] <> '99'","y","","","pss10","",""
"pss10_8","start_q","","radio","...con che frequenza hai sentito di padroneggiare la situazione?","0, Mai | 1, Quasi mai | 2, A volte | 3, Abbastanza spesso | 4, Molto spesso","Item con scoring inverso (4-valore)","","","","","[age_group] <> '99'","y","","","pss10","",""
"pss10_9","start_q","","radio","...con che frequenza sei stato arrabbiato per cose che erano fuori dal tuo controllo?","0, Mai | 1, Quasi mai | 2, A volte | 3, Abbastanza spesso | 4, Molto spesso","","","","","","[age_group] <> '99'","y","","","pss10","",""
"pss10_10","start_q","","radio","...con che frequenza hai avuto la sensazione che le difficoltà si accumulassero a tal punto da non poterle superare?","0, Mai | 1, Quasi mai | 2, A volte | 3, Abbastanza spesso | 4, Molto spesso","","","","","","[age_group] <> '99'","y","","","pss10","",""
"bsmas_score_t0","start_q","Punteggi Calcolati (Inviati dall'App)","text","Punteggio BSMAS","","Somma items 1-6. Range: 6-30. Cut-off ≥19 indica uso problematico.","integer","6","30","","","","","","","",""
"phq9_score_t0","start_q","","text","Punteggio PHQ-9","","Somma items 1-9. Range: 0-27. 0-4 minima, 5-9 lieve, 10-14 moderata, 15-19 moderatamente severa, 20-27 severa.","integer","0","27","","","","","","","",""
"gad7_score_t0","start_q","","text","Punteggio GAD-7","","Somma items 1-7. Range: 0-21. 0-4 minima, 5-9 lieve, 10-14 moderata, 15-21 severa.","integer","0","21","","","","","","","",""
"fomo_score_t0","start_q","","text","Punteggio FoMO","","Somma items 1-10. Range: 10-50.","integer","10","50","","","","","","","",""
"pss10_score_t0","start_q","","text","Punteggio PSS-10","","Somma con reverse scoring items 4,5,7,8. Range: 0-40.","integer","0","40","","","","","","","",""
"group_assignment","start_q","Metadati","text","Gruppo assegnato","","1=Controllo, 2=STL, 3=Impegno Personale, -1=Ineligibile (già usa STL), -2=Ineligibile (screening)","integer","-2","3","","","","","","","",""
"usage_data_json","start_q","","notes","Dati di utilizzo (JSON)","","JSON con dati di utilizzo delle app social media raccolti dall'app","","","","","","","","","","",""
"data_baseline","start_q","","text","Data completamento baseline","","Formato: YYYY-MM-DD","date_ymd","","","","","","","","","",""
"app_version","start_q","","text","Versione app","","","","","","","","","","","","",""
"withdrawn","start_q","Ritiro dallo Studio","yesno","Partecipante ritirato","","1 = Ritirato dallo studio","","","","","","","","","","",""
"withdrawn_timestamp","start_q","","text","Data e ora del ritiro","","Formato ISO-8601: YYYY-MM-DDTHH:MM:SS","datetime_seconds_ymd","","","","","","","","","",""
"other_device_usage_m","month_q","Rendimento Accademico e Dispositivi","yesno","Negli ultimi 30 giorni hai utilizzato altri dispositivi oltre lo smartphone (es. PC, tablet...) per navigare sui Social Media?","","","","","","","","y","","","","",""
"academic_performance_m","month_q","","radio","Come definiresti il tuo rendimento accademico nell'ultimo mese?","0, Nullo | 1, Molto scarso | 2, Scarso | 3, Buono | 4, Molto buono | 5, Ottimo","","","","","","","y","","","","",""
"bsmas_1_m","month_q","BSMAS - Bergen Social Media Addiction Scale. Durante l'ultimo mese con quale frequenza...","radio","...hai trascorso molto tempo pensando ai social media o hai programmato di usarli?","1, Molto raramente | 2, Raramente | 3, Qualche volta | 4, Spesso | 5, Molto spesso","","","","","","","y","","","bsmas_m","",""
"bsmas_2_m","month_q","","radio","...hai sentito il bisogno di usare sempre di più i social media?","1, Molto raramente | 2, Raramente | 3, Qualche volta | 4, Spesso | 5, Molto spesso","","","","","","","y","","","bsmas_m","",""
"bsmas_3_m","month_q","","radio","...hai usato i social media per dimenticare i tuoi problemi personali?","1, Molto raramente | 2, Raramente | 3, Qualche volta | 4, Spesso | 5, Molto spesso","","","","","","","y","","","bsmas_m","",""
"bsmas_4_m","month_q","","radio","...hai provato a smettere di usare i social media senza riuscirci?","1, Molto raramente | 2, Raramente | 3, Qualche volta | 4, Spesso | 5, Molto spesso","","","","","","","y","","","bsmas_m","",""
"bsmas_5_m","month_q","","radio","...sei diventato ansioso o agitato se ti è stato proibito l'uso dei social media?","1, Molto raramente | 2, Raramente | 3, Qualche volta | 4, Spesso | 5, Molto spesso","","","","","","","y","","","bsmas_m","",""
"bsmas_6_m","month_q","","radio","...hai utilizzato i social media così tanto che il loro uso ha avuto un impatto negativo sul tuo lavoro/sui tuoi studi?","1, Molto raramente | 2, Raramente | 3, Qualche volta | 4, Spesso | 5, Molto spesso","","","","","","","y","","","bsmas_m","",""
"phq9_1_m","month_q","PHQ-9 - Patient Health Questionnaire. Nelle ultime 2 settimane, con quale frequenza ti ha dato fastidio ciascuno dei seguenti problemi?","radio","Scarso interesse o piacere nel fare le cose","0, Mai | 1, Alcuni giorni | 2, Oltre la metà dei giorni | 3, Quasi ogni giorno","","","","","","","y","","","phq9_m","",""
"phq9_2_m","month_q","","radio","Sentirsi giù, triste o disperato/a","0, Mai | 1, Alcuni giorni | 2, Oltre la metà dei giorni | 3, Quasi ogni giorno","","","","","","","y","","","phq9_m","",""
"phq9_3_m","month_q","","radio","Difficoltà ad addormentarsi o a mantenere il sonno, oppure dormire troppo","0, Mai | 1, Alcuni giorni | 2, Oltre la metà dei giorni | 3, Quasi ogni giorno","","","","","","","y","","","phq9_m","",""
"phq9_4_m","month_q","","radio","Sentirsi stanco/a o avere poca energia","0, Mai | 1, Alcuni giorni | 2, Oltre la metà dei giorni | 3, Quasi ogni giorno","","","","","","","y","","","phq9_m","",""
"phq9_5_m","month_q","","radio","Scarso appetito o mangiare troppo","0, Mai | 1, Alcuni giorni | 2, Oltre la metà dei giorni | 3, Quasi ogni giorno","","","","","","","y","","","phq9_m","",""
"phq9_6_m","month_q","","radio","Scarsa opinione di sé, sensazione di essere un/una fallito/a o di aver deluso te stesso/a o i tuoi familiari","0, Mai | 1, Alcuni giorni | 2, Oltre la metà dei giorni | 3, Quasi ogni giorno","","","","","","","y","","","phq9_m","",""
"phq9_7_m","month_q","","radio","Difficoltà a concentrarsi, per esempio leggere il giornale o guardare la TV","0, Mai | 1, Alcuni giorni | 2, Oltre la metà dei giorni | 3, Quasi ogni giorno","","","","","","","y","","","phq9_m","",""
"phq9_8_m","month_q","","radio","Muoversi o parlare così lentamente da essere notato da altre persone, o al contrario, essere così irrequieto/a o agitato/a da doverti muovere molto più del solito","0, Mai | 1, Alcuni giorni | 2, Oltre la metà dei giorni | 3, Quasi ogni giorno","","","","","","","y","","","phq9_m","",""
"phq9_9_m","month_q","","radio","Pensare che sarebbe meglio essere morto/a o di farti del male in qualche modo","0, Mai | 1, Alcuni giorni | 2, Oltre la metà dei giorni | 3, Quasi ogni giorno","","","","","","","y","","","phq9_m","",""
"phq9_difficulty_m","month_q","","radio","Quanto questi problemi le hanno reso difficile fare il suo lavoro/occuparsi delle cose/avere buoni rapporti?","0, Per niente difficile | 1, Abbastanza difficile | 2, Molto difficile | 3, Estremamente difficile","","","","","","","y","","","","",""
"gad7_1_m","month_q","GAD-7 - Generalized Anxiety Disorder. Nelle ultime 2 settimane, con quale frequenza ti ha dato fastidio ciascuno dei seguenti problemi?","radio","Sentirsi nervoso/a, ansioso/a o teso/a","0, Mai | 1, Alcuni giorni | 2, Oltre la metà dei giorni | 3, Quasi ogni giorno","","","","","","","y","","","gad7_m","",""
"gad7_2_m","month_q","","radio","Non riuscire a smettere di preoccuparsi o a tenere sotto controllo le preoccupazioni","0, Mai | 1, Alcuni giorni | 2, Oltre la metà dei giorni | 3, Quasi ogni giorno","","","","","","","y","","","gad7_m","",""
"gad7_3_m","month_q","","radio","Preoccuparsi troppo per varie cose","0, Mai | 1, Alcuni giorni | 2, Oltre la metà dei giorni | 3, Quasi ogni giorno","","","","","","","y","","","gad7_m","",""
"gad7_4_m","month_q","","radio","Avere difficoltà a rilassarsi","0, Mai | 1, Alcuni giorni | 2, Oltre la metà dei giorni | 3, Quasi ogni giorno","","","","","","","y","","","gad7_m","",""
"gad7_5_m","month_q","","radio","Essere talmente irrequieto/a da far fatica a stare fermo/a","0, Mai | 1, Alcuni giorni | 2, Oltre la metà dei giorni | 3, Quasi ogni giorno","","","","","","","y","","","gad7_m","",""
"gad7_6_m","month_q","","radio","Infastidirsi o irritarsi facilmente","0, Mai | 1, Alcuni giorni | 2, Oltre la metà dei giorni | 3, Quasi ogni giorno","","","","","","","y","","","gad7_m","",""
"gad7_7_m","month_q","","radio","Avere paura che possa succedere qualcosa di terribile","0, Mai | 1, Alcuni giorni | 2, Oltre la metà dei giorni | 3, Quasi ogni giorno","","","","","","","y","","","gad7_m","",""
"fomo_1_m","month_q","FoMO Scale - Fear of Missing Out. Indica quanto ciascuna affermazione è vera per te.","radio","Ho paura che gli altri facciano esperienze più gratificanti di me","1, Per niente vero | 2, Poco vero | 3, Abbastanza vero | 4, Molto vero | 5, Estremamente vero","","","","","","","y","","","fomo_m","",""
"fomo_2_m","month_q","","radio","Mi preoccupo quando scopro che i miei amici si stanno divertendo senza di me","1, Per niente vero | 2, Poco vero | 3, Abbastanza vero | 4, Molto vero | 5, Estremamente vero","","","","","","","y","","","fomo_m","",""
"fomo_3_m","month_q","","radio","Ho paura che i miei amici facciano esperienze più gratificanti di me","1, Per niente vero | 2, Poco vero | 3, Abbastanza vero | 4, Molto vero | 5, Estremamente vero","","","","","","","y","","","fomo_m","",""
"fomo_4_m","month_q","","radio","Entro in ansia quando non so cosa i miei amici stiano facendo","1, Per niente vero | 2, Poco vero | 3, Abbastanza vero | 4, Molto vero | 5, Estremamente vero","","","","","","","y","","","fomo_m","",""
"fomo_5_m","month_q","","radio","È importante per me riuscire a capire su cosa i miei amici stanno scherzando","1, Per niente vero | 2, Poco vero | 3, Abbastanza vero | 4, Molto vero | 5, Estremamente vero","","","","","","","y","","","fomo_m","",""
"fomo_6_m","month_q","","radio","A volte mi chiedo se non spendo troppo tempo per stare al passo con quanto sta succedendo","1, Per niente vero | 2, Poco vero | 3, Abbastanza vero | 4, Molto vero | 5, Estremamente vero","","","","","","","y","","","fomo_m","",""
"fomo_7_m","month_q","","radio","Mi infastidisco quando perdo un'opportunità di incontrare i miei amici","1, Per niente vero | 2, Poco vero | 3, Abbastanza vero | 4, Molto vero | 5, Estremamente vero","","","","","","","y","","","fomo_m","",""
"fomo_8_m","month_q","","radio","Quando faccio qualcosa di bello è importante per me condividere la cosa online","1, Per niente vero | 2, Poco vero | 3, Abbastanza vero | 4, Molto vero | 5, Estremamente vero","","","","","","","y","","","fomo_m","",""
"fomo_9_m","month_q","","radio","Mi infastidisce quando manco ad un'occasione di gruppo","1, Per niente vero | 2, Poco vero | 3, Abbastanza vero | 4, Molto vero | 5, Estremamente vero","","","","","","","y","","","fomo_m","",""
"fomo_10_m","month_q","","radio","Quando vado in vacanza, cerco comunque di sapere cosa stanno facendo i miei amici","1, Per niente vero | 2, Poco vero | 3, Abbastanza vero | 4, Molto vero | 5, Estremamente vero","","","","","","","y","","","fomo_m","",""
"pss10_1_m","month_q","PSS-10 - Perceived Stress Scale. Nell'ultimo mese...","radio","...con che frequenza ti sei sentito fuori di te poiché è avvenuto qualcosa di inaspettato?","0, Mai | 1, Quasi mai | 2, A volte | 3, Abbastanza spesso | 4, Molto spesso","","","","","","","y","","","pss10_m","",""
"pss10_2_m","month_q","","radio","...con che frequenza hai avuto la sensazione di non essere in grado di avere controllo sulle cose importanti?","0, Mai | 1, Quasi mai | 2, A volte | 3, Abbastanza spesso | 4, Molto spesso","","","","","","","y","","","pss10_m","",""
"pss10_3_m","month_q","","radio","...con che frequenza ti sei sentito nervoso o 'stressato'?","0, Mai | 1, Quasi mai | 2, A volte | 3, Abbastanza spesso | 4, Molto spesso","","","","","","","y","","","pss10_m","",""
"pss10_4_m","month_q","","radio","...con che frequenza ti sei sentito fiducioso sulla tua capacità di gestire i tuoi problemi personali?","0, Mai | 1, Quasi mai | 2, A volte | 3, Abbastanza spesso | 4, Molto spesso","Item con scoring inverso (4-valore)","","","","","","y","","","pss10_m","",""
"pss10_5_m","month_q","","radio","...con che frequenza hai avuto la sensazione che le cose andassero come dicevi tu?","0, Mai | 1, Quasi mai | 2, A volte | 3, Abbastanza spesso | 4, Molto spesso","Item con scoring inverso (4-valore)","","","","","","y","","","pss10_m","",""
"pss10_6_m","month_q","","radio","...con che frequenza hai avuto la sensazione di non riuscire a star dietro a tutte le cose che dovevi fare?","0, Mai | 1, Quasi mai | 2, A volte | 3, Abbastanza spesso | 4, Molto spesso","","","","","","","y","","","pss10_m","",""
"pss10_7_m","month_q","","radio","...con che frequenza hai avvertito di essere in grado di controllare ciò che ti irrita nella tua vita?","0, Mai | 1, Quasi mai | 2, A volte | 3, Abbastanza spesso | 4, Molto spesso","Item con scoring inverso (4-valore)","","","","","","y","","","pss10_m","",""
"pss10_8_m","month_q","","radio","...con che frequenza hai sentito di padroneggiare la situazione?","0, Mai | 1, Quasi mai | 2, A volte | 3, Abbastanza spesso | 4, Molto spesso","Item con scoring inverso (4-valore)","","","","","","y","","","pss10_m","",""
"pss10_9_m","month_q","","radio","...con che frequenza sei stato arrabbiato per cose che erano fuori dal tuo controllo?","0, Mai | 1, Quasi mai | 2, A volte | 3, Abbastanza spesso | 4, Molto spesso","","","","","","","y","","","pss10_m","",""
"pss10_10_m","month_q","","radio","...con che frequenza hai avuto la sensazione che le difficoltà si accumulassero a tal punto da non poterle superare?","0, Mai | 1, Quasi mai | 2, A volte | 3, Abbastanza spesso | 4, Molto spesso","","","","","","","y","","","pss10_m","",""
"stl_compliance_m","month_q","Compliance STL (Solo Gruppo 2)","yesno","I Limiti ai Tempi di Utilizzo sono attualmente attivi su tutte le app social media?","","Mostrata solo per partecipanti del Gruppo 2 (STL Intervention). Self-report di compliance.","","","","","","","","","","",""
"continue_stl","month_q","Domanda di Uscita (Solo T4 e Gruppo 2)","yesno","Continuerai a usare gli strumenti di Screen Time Limits anche dopo la fine dello studio?","","Mostrata solo a T4 per partecipanti del Gruppo 2 (STL Intervention)","","","","","","","","","","",""
"bsmas_score_m","month_q","Punteggi Calcolati (Inviati dall'App)","text","Punteggio BSMAS mensile","","Somma items 1-6. Range: 6-30.","integer","6","30","","","","","","","",""
"phq9_score_m","month_q","","text","Punteggio PHQ-9 mensile","","Somma items 1-9. Range: 0-27.","integer","0","27","","","","","","","",""
"gad7_score_m","month_q","","text","Punteggio GAD-7 mensile","","Somma items 1-7. Range: 0-21.","integer","0","21","","","","","","","",""
"fomo_score_m","month_q","","text","Punteggio FoMO mensile","","Somma items 1-10. Range: 10-50.","integer","10","50","","","","","","","",""
"pss10_score_m","month_q","","text","Punteggio PSS-10 mensile","","Somma con reverse scoring items 4,5,7,8. Range: 0-40.","integer","0","40","","","","","","","",""
"usage_data_json_m1","month_q","Metadati M1","notes","Dati di utilizzo M1 (JSON)","","JSON con dati di utilizzo delle app social media raccolti dall'app al follow-up 1","","","","","","","","","","",""
"data_collection_m1","month_q","","text","Data completamento follow-up 1","","Formato: YYYY-MM-DD","date_ymd","","","","","","","","","",""
"usage_data_json_m2","month_q","Metadati M2","notes","Dati di utilizzo M2 (JSON)","","JSON con dati di utilizzo delle app social media raccolti dall'app al follow-up 2","","","","","","","","","","",""
"data_collection_m2","month_q","","text","Data completamento follow-up 2","","Formato: YYYY-MM-DD","date_ymd","","","","","","","","","",""
"usage_data_json_m3","month_q","Metadati M3","notes","Dati di utilizzo M3 (JSON)","","JSON con dati di utilizzo delle app social media raccolti dall'app al follow-up 3","","","","","","","","","","",""
"data_collection_m3","month_q","","text","Data completamento follow-up 3","","Formato: YYYY-MM-DD","date_ymd","","","","","","","","","",""
"usage_data_json_m4","month_q","Metadati M4","notes","Dati di utilizzo M4 (JSON)","","JSON con dati di utilizzo delle app social media raccolti dall'app al follow-up 4","","","","","","","","","","",""
"data_collection_m4","month_q","","text","Data completamento follow-up 4","","Formato: YYYY-MM-DD","date_ymd","","","","","","","","","",""
